{
    "id": "MaximumNavMenu-component",
    "settingsData": {
        "settingsHeight": 475,
        "settingsWidth": 350,
        "settingsRenderOption": "dialog",
        "componentLayouts": [],
        "actions": []        
    },
    "initialData": {
        "componentId": "maximumNavMenu",
        "componentName": "Navigation Menu Component",
        "componentLayout": "default",
        "marginBottom": 0,
        "marginLeft": 0,
        "marginRight": 0,
        "marginTop": 0,
        "customSettingsData": {
            "externalSiteEnabled": false
        },
        "nestedComponents": []
    }
}