{"numUpdates":"0","siteLongDescription":"This template illustrates a hierarchical representation of materials with a correspondingly capable navigation bar. The template includes multiple sample page organizations that all adhere to a consistent visual theme. Use this template as starting point to present resources of any kind. Copy the existing pages and replace the demo content to quickly create a portal through which to share content internally or externally.","itemGUID":"SE1C7DDD21739A38DF3052F73DDE335633449E015816","siteName":"MaximumHOLUser2_Template","isEnterprise":"true","slugPrefix":"maximumholuser2","siteAuthor":"Oracle"}