{"properties":{"themeName":"MaximumTheme","siteName":"SCSTEMPLATE_MaximumHOLUser2_Template","siteRootPrefix":"/SCSTEMPLATE_MaximumHOLUser2_Template/","isLive":null,"description":"","keywords":"","header":"","footer":"","hideFromSearchEngines":false,"errorPage":null,"siteURL":"","noIndex":false,"noFollow":false,"noArchive":false,"noSnippet":false,"collectionId":"","targetId":"","targetAccessTokens":[],"isCobrowseEnabled":false,"cobrowseId":null,"siteConnections":{},"conversationId":null,"mapProvider":null,"mapAPIKey":null,"isEnterprise":true,"repositoryId":"","channelId":"CHANNELFE1C7DDD21739A38DF3052F73DDE335633449E015816","channelAccessTokens":[],"arCollectionId":"O8BBB6CD3421BBB6AE649DC82A4AC0204F7A074BCA8B","defaultLanguage":"en","localizationPolicy":"84744171F3E83B58E0530260000A4518","availableLanguages":null,"isWebAnalyticsEnabled":false,"webAnalyticsScript":null}}