{"pages":[{"id":12,"name":"HOME","parentId":null,"pageUrl":"home.html","hideInNavigation":false,"linkUrl":"","linkTarget":"","children":[68,58,69,70],"overrideUrl":false,"isDetailPage":false,"isSearchPage":false},{"id":42,"name":"ARTICLE","parentId":58,"pageUrl":"articles/article.html","hideInNavigation":true,"linkUrl":"","linkTarget":"","children":[],"overrideUrl":false,"isDetailPage":true,"isSearchPage":false},{"id":58,"name":"ARTICLES","parentId":12,"pageUrl":"articles.html","hideInNavigation":false,"linkUrl":"","linkTarget":"","children":[42],"overrideUrl":false,"isDetailPage":false,"isSearchPage":false},{"id":68,"name":"MEDIA","parentId":12,"pageUrl":"media.html","hideInNavigation":false,"linkUrl":"","linkTarget":"","children":[71,72],"overrideUrl":false,"isDetailPage":false,"isSearchPage":false},{"id":69,"name":"INVESTORS","parentId":12,"pageUrl":"investors.html","hideInNavigation":false,"linkUrl":"","linkTarget":"","children":[],"overrideUrl":false,"isDetailPage":false,"isSearchPage":false},{"id":70,"name":"ABOUT","parentId":12,"pageUrl":"about.html","hideInNavigation":false,"linkUrl":"","linkTarget":"","children":[],"overrideUrl":false,"isDetailPage":false,"isSearchPage":false},{"id":71,"name":"NEW TIRES","parentId":68,"pageUrl":"media/new-tires.html","hideInNavigation":false,"linkUrl":"","linkTarget":"","children":[73,74],"overrideUrl":false,"isDetailPage":false,"isSearchPage":false},{"id":72,"name":"RACE COVERAGE","parentId":68,"pageUrl":"media/race-coverage.html","hideInNavigation":false,"linkUrl":"","linkTarget":"","children":[],"overrideUrl":false,"isDetailPage":false,"isSearchPage":false},{"id":73,"name":"P-453 SSR","parentId":71,"pageUrl":"media/new-tires/p-453-ssr.html","hideInNavigation":false,"linkUrl":"","linkTarget":"","children":[],"overrideUrl":false,"isDetailPage":false,"isSearchPage":false},{"id":74,"name":"TR-23 AWT","parentId":71,"pageUrl":"media/new-tires/tr-23-awt.html","hideInNavigation":false,"linkUrl":"","linkTarget":"","children":[],"overrideUrl":false,"isDetailPage":false,"isSearchPage":false}]}