{"properties":{"title":"","pageLayout":"default.html","mobileLayout":"","pageDescription":"","keywords":"","hideFromSearchEngines":false,"header":"","footer":"","noIndex":false,"noFollow":false,"noArchive":false,"noSnippet":false,"isCobrowseEnabled":false},"slots":{"background":{"components":[],"grid":"","styles":["background-attachment:scroll","background-color:","background-position:left top","background-repeat:no-repeat","background-size:cover"]},"content":{"components":["c12e62f0-6cff-4593-833c-2ae2cefdfe3f","be4098d1-5aa6-4a13-8022-38fe7abba368","a913350c-26f0-43b3-b668-505be673f788"],"grid":"<div class=\"scs-row\"><div class=\"scs-col\" style=\"width: 50%;\"><div id=\"be4098d1-5aa6-4a13-8022-38fe7abba368\"></div></div><div class=\"scs-col\" style=\"width: 50%;\"><div id=\"c12e62f0-6cff-4593-833c-2ae2cefdfe3f\"></div></div></div><div class=\"scs-row\"><div class=\"scs-col\" style=\"width: 100%;\"><div id=\"a913350c-26f0-43b3-b668-505be673f788\"></div></div></div>"},"footer":{"components":["b6676d88-b262-47d9-a600-d70efd2fe973","bbd8415b-eaee-4182-9fed-cc8f97baca0e","b2ef490b-4e1e-4c9d-bd49-c70ce9c52359","e7ce56b8-1480-47c8-b14c-829fc48f0818","aa02edce-9d78-498c-98a8-a1f427c97a9e"],"grid":"<div class=\"scs-row\"><div class=\"scs-col\" style=\"width: 100%;\"><div id=\"b6676d88-b262-47d9-a600-d70efd2fe973\"></div><div id=\"aa02edce-9d78-498c-98a8-a1f427c97a9e\"></div></div></div><div class=\"scs-row\"><div class=\"scs-col\" style=\"width: 100%;\"><div id=\"bbd8415b-eaee-4182-9fed-cc8f97baca0e\"></div><div id=\"e7ce56b8-1480-47c8-b14c-829fc48f0818\"></div></div></div><div class=\"scs-row\"><div class=\"scs-col\" style=\"width: 100%;\"><div id=\"b2ef490b-4e1e-4c9d-bd49-c70ce9c52359\"></div></div></div>","styles":["undefined:","background-attachment:scroll","background-color:#000000","background-position:left top","background-repeat:no-repeat","background-size:auto"]},"header":{"components":["d5c624c4-19a4-40f9-95a4-0bf69e6b8447","b65eb9db-6aec-4976-8a11-b0f134147013"],"grid":"<div class=\"scs-row\"><div class=\"scs-col\" style=\"width: 8.33%;\"><div id=\"d5c624c4-19a4-40f9-95a4-0bf69e6b8447\"></div></div><div class=\"scs-col\" style=\"width: 91.67%;\"><div id=\"b65eb9db-6aec-4976-8a11-b0f134147013\"></div></div></div>","styles":["undefined:","background-attachment:scroll","background-color:","background-position:left top","background-repeat:no-repeat","background-size:auto"]},"headline":{"components":["b3d0f602-f3cd-4d3f-ac92-688ce5d96100"],"grid":"<div class=\"scs-row\"><div class=\"scs-col\" style=\"width: 100%;\"><div id=\"b3d0f602-f3cd-4d3f-ac92-688ce5d96100\"></div></div></div>"}},"componentInstances":{"d5c624c4-19a4-40f9-95a4-0bf69e6b8447":{"type":"scs-image","id":"scs-image","data":{"alignment":"left","altText":"","borderColor":"#808080","borderRadius":0,"borderStyle":"none","borderWidth":1,"caption":"","contentId":"CONTFA0314CCF0C741A6A05DA19A66D83282","contentViewing":"draft","imageHref":"","imageHrefContentViewing":"","imageHrefName":"","imageName":"maximum-logo","imageTarget":"_self","linkType":"scs-link-no-link","marginBottom":"10","marginLeft":"10","marginRight":0,"marginTop":"10","styleClass":"","title":"","useStyleClass":"true","visible":true,"visibleOnMobile":"","width":"166","contentIds":["CONTFA0314CCF0C741A6A05DA19A66D83282"],"contentViewings":["draft"]}},"c12e62f0-6cff-4593-833c-2ae2cefdfe3f":{"type":"scs-contentlist","id":"scs-contentlist","data":{"actions":"","additionalItems":2,"alignment":"fill","autoRefreshOnSearch":true,"backgroundColor":"","backgroundColorHover":"","borderColor":"black","borderColorHover":"","borderRadius":0,"borderStyle":"none","borderWidth":1,"contentTypes":["Maximum_Article"],"customSettingsData":{"behavior":"stack12","breakpoint":500},"dateFilter":"all","dateFilterBegin":"","dateFilterEnd":"","dateFilterNumber":1,"dateFilterNumber2":1,"dateFilterUnits":"days","detailPageId":"42","emptyListLayoutCategory":"None","firstItem":0,"firstLabel":"","fontColor":"#333333","fontColorHover":"","fontFamily":"'Helvetica Neue', Helvetica, Arial, sans-serif","fontSize":13,"language":"","lastLabel":"","layoutCategory":"","lazyLoadClickText":"Load More...","linkType":"scs-link-action","loadType":"none","marginBottom":"5","marginLeft":"0","marginRight":"0","marginTop":"5","maxResults":2,"nextLabel":"","paginationAlignment":"center","prevLabel":"","queryString":"","sectionLayout":"","sectionLayoutInstanceId":"d394681b-c13f-43b8-988b-04af9bda60e1","showFirstLast":"false","showPageNumbers":"true","showPagination":"false","showPrevNext":"true","sortOrder":"updateddate:desc","styleClass":"","useStyleClass":"true","visible":true,"visibleOnMobile":"","width":""}},"be4098d1-5aa6-4a13-8022-38fe7abba368":{"type":"scs-gallery","id":"scs-gallery","data":{"alignment":"fill","autoPlay":"false","backgroundColor":"#ffffff","borderColor":"#808080","borderRadius":0,"borderStyle":"none","borderWidth":1,"displayTime":3,"images":[{"contentId":"CONTCAF311095A724DE48DB6140E228065C7","contentViewing":"draft","title":"Ana&#x27;s Revolution 1000x562-4","fileName":"Ana&#x27;s Revolution 1000x562-4","description":"","linkName":"","linkContentViewing":"","linkType":"scs-link-no-link"},{"contentId":"CONT62412A7310F7467BA8B0EA39C71B1C2E","contentViewing":"draft","title":"Finish Line 1000x562","fileName":"Finish Line 1000x562","description":"","linkName":"","linkContentViewing":"","linkType":"scs-link-no-link"},{"contentId":"CONTF5E1382322E24ED7B86030BCE09E6ACC","contentViewing":"draft","title":"Goodwood Revival Meeting! 1000x562","fileName":"Goodwood Revival Meeting! 1000x562","description":"","linkName":"","linkContentViewing":"","linkType":"scs-link-no-link"},{"contentId":"CONT4ABF6D2A62F141FA8D7AE967121F8BDD","contentViewing":"draft","title":"Porsche 356 Roadster 1000x562","fileName":"Porsche 356 Roadster 1000x562","description":"","linkName":"","linkContentViewing":"","linkType":"scs-link-no-link"},{"contentId":"CONT35A311F37FC14755BEDC9DCAF0F73C5A","contentViewing":"draft","title":"The Fastest In Hell 1000x562-2","fileName":"The Fastest In Hell 1000x562-2","description":"","linkName":"","linkContentViewing":"","linkType":"scs-link-no-link"},{"contentId":"CONTDD2D54EF4BB14449943C4E32AAFD2C38","contentViewing":"draft","title":"The Innovative Sound Of The Panini Family 1000x562","fileName":"The Innovative Sound Of The Panini Family 1000x562","description":"","linkName":"","linkContentViewing":"","linkType":"scs-link-no-link"},{"contentId":"CONTB3BC7799752147338AA4BD44B88773E5","contentViewing":"draft","title":"The Most Exclusive Club 1000x562-7","fileName":"The Most Exclusive Club 1000x562-7","description":"","linkName":"","linkContentViewing":"","linkType":"scs-link-no-link"},{"contentId":"CONTD9BB89BB1ED4426287CEA2A1650F0630","contentViewing":"draft","title":"The Worlds Best Sailing Trip 1000x562","fileName":"The Worlds Best Sailing Trip 1000x562","description":"","linkName":"","linkContentViewing":"","linkType":"scs-link-no-link"},{"contentId":"CONT12887A69FFFC40DD96A144AE4E726A98","contentViewing":"draft","title":"What Color is your car 1000x562","fileName":"What Color is your car 1000x562","description":"","linkName":"","linkContentViewing":"","linkType":"scs-link-no-link"}],"marginBottom":"0","marginLeft":"5","marginRight":"5","marginTop":"10","scaling":"crop","showCaption":"false","showIndexer":"false","showPrevNext":"true","showThumbnails":"true","styleClass":"","transitionTime":0.5,"useLightbox":true,"useStyleClass":"false","visible":true,"visibleOnMobile":"","width":"500","contentIds":["CONTCAF311095A724DE48DB6140E228065C7","CONT62412A7310F7467BA8B0EA39C71B1C2E","CONTF5E1382322E24ED7B86030BCE09E6ACC","CONT4ABF6D2A62F141FA8D7AE967121F8BDD","CONT35A311F37FC14755BEDC9DCAF0F73C5A","CONTDD2D54EF4BB14449943C4E32AAFD2C38","CONTB3BC7799752147338AA4BD44B88773E5","CONTD9BB89BB1ED4426287CEA2A1650F0630","CONT12887A69FFFC40DD96A144AE4E726A98"],"contentViewings":["draft","draft","draft","draft","draft","draft","draft","draft","draft"]}},"b6676d88-b262-47d9-a600-d70efd2fe973":{"type":"scs-map","id":"scs-map","data":{"alignment":"fill","apiKey":"","borderColor":"#808080","borderRadius":0,"borderStyle":"none","borderWidth":1,"defaultMapLocation":"San Francisco, CA","height":"300","mapControls":["scaleControl"],"mapLat":42.33168,"mapLocation":"Detroit","mapLong":-83.048,"mapType":"roadmap","marginBottom":0,"marginLeft":0,"marginRight":0,"marginTop":"0","provider":"","styleClass":"","useStyleClass":"true","visible":true,"visibleOnMobile":"","width":400,"zoom":11}},"bbd8415b-eaee-4182-9fed-cc8f97baca0e":{"type":"scs-socialbar","id":"scs-socialbar","data":{"alignment":"center","backgroundColor":"","borderColor":"#808080","borderRadius":0,"borderStyle":"none","borderWidth":1,"iconSize":24,"iconSpacing":25,"images":[{"source":"","name":"COMP_ICON_FACEBOOK","class":"scs-facebook-icon","title":"Facebook","altText":"","description":"","link":"http://www.facebook.com","target":["_blank"]},{"source":"","name":"COMP_ICON_LINKEDIN","class":"scs-linkedin-icon","title":"LinkedIn","altText":"","description":"","link":"http://linkedin.com","target":["_blank"]},{"source":"","name":"COMP_ICON_TWITTER","class":"scs-twitter-icon","title":"Twitter","altText":"","description":"","link":"http://twitter.com","target":["_blank"]},{"source":"","name":"COMP_ICON_GOOGLEPLUS","class":"scs-googleplus-icon","title":"Google+","altText":"","description":"","link":"http://plus.google.com","target":["_blank"]},{"source":"","name":"COMP_ICON_YOUTUBE","class":"scs-youtube-icon","title":"YouTube","altText":"","description":"","link":"http://www.youtube.com","target":["_blank"]}],"layout":"horizontal","marginBottom":"40","marginLeft":5,"marginRight":5,"marginTop":"40","styleClass":"","useStyleClass":"true","visible":true,"visibleOnMobile":""}},"b2ef490b-4e1e-4c9d-bd49-c70ce9c52359":{"type":"scs-spacer","id":"scs-spacer","data":{"height":"40px","styleClass":"","useStyleClass":"true","visible":true,"visibleOnMobile":""}},"b52acfc5-5f3f-45cc-9503-161b7e0d2324":{"type":"scs-title","id":"scs-title","data":{"alignment":"fill","backgroundColor":"","borderColor":"#808080","borderRadius":0,"borderStyle":"none","borderWidth":1,"fontColor":"#333333","fontFamily":"'Helvetica Neue', Helvetica, Arial, sans-serif","fontSize":24,"marginBottom":5,"marginLeft":"5","marginRight":5,"marginTop":5,"placeholderText":"","styleClass":"","styleClassName":"","styleClassTag":"","toolbarGroups":"","useStyleClass":"true","userText":"<div><span style=\"font-size:24px\"><strong>THE PERFECT FIT</strong></span></div>","visible":true,"visibleOnMobile":"","width":400}},"fd150b0e-2c38-4d4b-a3d8-a7ec9d710297":{"type":"scs-button","id":"scs-button","data":{"actions":[],"alignment":"center","backgroundColor":"rgba(0, 0, 0, 0)","backgroundColorHover":"rgba(0, 0, 0, 0)","borderColor":"#ffffff","borderColorHover":"#ffffff","borderRadius":0,"borderStyle":"solid","borderWidth":1,"fontColor":"#ffffff","fontColorHover":"#ffffff","fontFamily":"'Helvetica Neue', Helvetica, Arial, sans-serif","fontSize":14,"height":0,"href":"[!--$SCS_PAGE--]12[/!--$SCS_PAGE--]","hrefContentViewing":"","hrefName":"","isCobrowse":"","linkType":"scs-link-sitepage","marginBottom":5,"marginLeft":5,"marginRight":"5","marginTop":5,"styleClass":"","styleClassName":"","target":"_self","text":"GO﻿","title":"","useStyleClass":"false","visible":true,"visibleOnMobile":"","width":0}},"b4628df8-a03a-44aa-81a5-e1ac8a46e2ab":{"type":"scs-paragraph","id":"scs-paragraph","data":{"alignment":"fill","backgroundColor":"","borderColor":"#808080","borderRadius":0,"borderStyle":"none","borderWidth":1,"fontColor":"#333333","fontFamily":"'Helvetica Neue', Helvetica, Arial, sans-serif","fontSize":16,"marginBottom":5,"marginLeft":5,"marginRight":5,"marginTop":5,"placeholderText":"","styleClass":"","styleClassName":"","styleClassTag":"","toolbarGroups":"","useStyleClass":"true","userText":"<div>FIND THE PERFECT</div><div>TIRES FOR YOUR CAR</div>","visible":true,"visibleOnMobile":"","width":400}},"e7ce56b8-1480-47c8-b14c-829fc48f0818":{"type":"scs-sectionlayout","id":"scs-sl-horizontal","data":{"componentFactory":"scs-horizontal","components":["b5fb331e-00ce-42d1-accc-8e0a62eba734","fb462534-6ad7-49dc-9b91-1d2ca71bd633","a088c63b-ce32-4265-b0d3-9e04fe13bb53","fea2b7cd-573f-4f22-bc14-ae6c897b5c90","ab2f8c21-01de-47ea-96c7-4a6aea89c1a2","ae3fa149-de82-4310-a70c-962bdbf853d9"],"customSettingsData":{"itemWidth":"140px","itemAlignment":"center","breakpoint":767,"responsiveItemWidth":"100%","responsiveItemAlignment":"center"},"borderColor":"#808080","borderRadius":0,"borderStyle":"none","borderWidth":1,"styleClass":"","useStyleClass":"true","styles":["background-attachment:scroll","background-color:","background-position:left top","background-repeat:no-repeat","background-size:auto"]}},"b5fb331e-00ce-42d1-accc-8e0a62eba734":{"type":"scs-title","id":"scs-title","data":{"alignment":"fill","backgroundColor":"","borderColor":"#808080","borderRadius":0,"borderStyle":"none","borderWidth":1,"fontColor":"#333333","fontFamily":"'Helvetica Neue', Helvetica, Arial, sans-serif","fontSize":24,"marginBottom":5,"marginLeft":5,"marginRight":5,"marginTop":5,"placeholderText":"","styleClass":"","styleClassName":"","styleClassTag":"","toolbarGroups":"","useStyleClass":"true","userText":"<div>LEGAL INFORMATION</div>","visible":true,"visibleOnMobile":"","width":400}},"fb462534-6ad7-49dc-9b91-1d2ca71bd633":{"type":"scs-title","id":"scs-title","data":{"alignment":"fill","backgroundColor":"","borderColor":"#808080","borderRadius":0,"borderStyle":"none","borderWidth":1,"fontColor":"#333333","fontFamily":"'Helvetica Neue', Helvetica, Arial, sans-serif","fontSize":24,"marginBottom":5,"marginLeft":5,"marginRight":5,"marginTop":5,"placeholderText":"","styleClass":"","styleClassName":"","styleClassTag":"","toolbarGroups":"","useStyleClass":"true","userText":"<div>PRIVACY POLICY</div>","visible":true,"visibleOnMobile":"","width":400}},"a088c63b-ce32-4265-b0d3-9e04fe13bb53":{"type":"scs-title","id":"scs-title","data":{"alignment":"fill","backgroundColor":"","borderColor":"#808080","borderRadius":0,"borderStyle":"none","borderWidth":1,"fontColor":"#333333","fontFamily":"'Helvetica Neue', Helvetica, Arial, sans-serif","fontSize":24,"marginBottom":5,"marginLeft":5,"marginRight":5,"marginTop":5,"placeholderText":"","styleClass":"","styleClassName":"","styleClassTag":"","toolbarGroups":"","useStyleClass":"true","userText":"<div>COMPANY INFO</div>","visible":true,"visibleOnMobile":"","width":400}},"fea2b7cd-573f-4f22-bc14-ae6c897b5c90":{"type":"scs-title","id":"scs-title","data":{"alignment":"fill","backgroundColor":"","borderColor":"#808080","borderRadius":0,"borderStyle":"none","borderWidth":1,"fontColor":"#333333","fontFamily":"'Helvetica Neue', Helvetica, Arial, sans-serif","fontSize":24,"marginBottom":5,"marginLeft":5,"marginRight":5,"marginTop":5,"placeholderText":"","styleClass":"","styleClassName":"","styleClassTag":"","toolbarGroups":"","useStyleClass":"true","userText":"<div>WORKING WITH US</div>","visible":true,"visibleOnMobile":"","width":400}},"ab2f8c21-01de-47ea-96c7-4a6aea89c1a2":{"type":"scs-title","id":"scs-title","data":{"alignment":"fill","backgroundColor":"","borderColor":"#808080","borderRadius":0,"borderStyle":"none","borderWidth":1,"fontColor":"#333333","fontFamily":"'Helvetica Neue', Helvetica, Arial, sans-serif","fontSize":24,"marginBottom":5,"marginLeft":5,"marginRight":5,"marginTop":5,"placeholderText":"","styleClass":"","styleClassName":"","styleClassTag":"","toolbarGroups":"","useStyleClass":"true","userText":"<div>CONTACT US</div>","visible":true,"visibleOnMobile":"","width":400}},"ae3fa149-de82-4310-a70c-962bdbf853d9":{"type":"scs-title","id":"scs-title","data":{"alignment":"fill","backgroundColor":"","borderColor":"#808080","borderRadius":0,"borderStyle":"none","borderWidth":1,"fontColor":"#333333","fontFamily":"'Helvetica Neue', Helvetica, Arial, sans-serif","fontSize":24,"marginBottom":5,"marginLeft":5,"marginRight":5,"marginTop":5,"placeholderText":"","styleClass":"","styleClassName":"","styleClassTag":"","toolbarGroups":"","useStyleClass":"true","userText":"<div>COOKIE POLICY</div>","visible":true,"visibleOnMobile":"","width":400}},"aa02edce-9d78-498c-98a8-a1f427c97a9e":{"type":"scs-sectionlayout","id":"scs-sl-two-columns","data":{"componentFactory":"scs-two-columns","customSettingsData":{"behavior":"stack12","columnWidth1":60,"columnWidth2":40,"breakpoint":767},"components":["c2ab8232-9543-480d-951c-da4be087407c","a2e2c93f-1af9-49d7-aec4-fdee5c9f98bb"],"borderColor":"#808080","borderRadius":0,"borderStyle":"none","borderWidth":1,"styleClass":"","useStyleClass":"true","styles":["background-attachment:scroll","background-color:#d9251d","background-position:left top","background-repeat:no-repeat","background-size:auto"]}},"c2ab8232-9543-480d-951c-da4be087407c":{"type":"scs-componentgroup","id":"scs-componentgroup","data":{"allowMove":false,"components":["b52acfc5-5f3f-45cc-9503-161b7e0d2324","b4628df8-a03a-44aa-81a5-e1ac8a46e2ab"],"grid":"<div class=\"scs-row\"><div class=\"scs-col\" style=\"width: 50%;\"><div id=\"b52acfc5-5f3f-45cc-9503-161b7e0d2324\"></div></div><div class=\"scs-col\" style=\"width: 50%;\"><div id=\"b4628df8-a03a-44aa-81a5-e1ac8a46e2ab\"></div></div></div>"}},"a2e2c93f-1af9-49d7-aec4-fdee5c9f98bb":{"type":"scs-componentgroup","id":"scs-componentgroup","data":{"allowMove":false,"components":["fd150b0e-2c38-4d4b-a3d8-a7ec9d710297"],"grid":"<div class=\"scs-row\"><div class=\"scs-col\" style=\"width: 100%;\"><div id=\"fd150b0e-2c38-4d4b-a3d8-a7ec9d710297\"></div></div></div>"}},"ac9e9af2-5e37-4042-adab-d82176f26947":{"type":"scs-contentlist","id":"scs-contentlist","data":{"actions":"","additionalItems":2,"alignment":"fill","autoRefreshOnSearch":true,"backgroundColor":"","backgroundColorHover":"","borderColor":"black","borderColorHover":"","borderRadius":0,"borderStyle":"none","borderWidth":1,"contentTypes":["Maximum_Article"],"customSettingsData":{"behavior":"stack12","breakpoint":500},"dateFilter":"all","dateFilterBegin":"","dateFilterEnd":"","dateFilterNumber":1,"dateFilterNumber2":1,"dateFilterUnits":"days","detailPageId":"","emptyListLayoutCategory":"None","firstItem":2,"firstLabel":"","fontColor":"#333333","fontColorHover":"","fontFamily":"'Helvetica Neue', Helvetica, Arial, sans-serif","fontSize":13,"language":"","lastLabel":"","layoutCategory":"","lazyLoadClickText":"Load More...","linkType":"scs-link-action","loadType":"none","marginBottom":"5","marginLeft":"0","marginRight":"0","marginTop":"5","maxResults":2,"nextLabel":"","paginationAlignment":"center","prevLabel":"","queryString":"","sectionLayout":"","sectionLayoutInstanceId":"a6fd8263-f12d-44c7-971f-951773148223","showFirstLast":"false","showPageNumbers":"true","showPagination":"false","showPrevNext":"true","sortOrder":"updateddate:desc","styleClass":"","useStyleClass":"true","visible":true,"visibleOnMobile":"","width":""}},"b045c4b0-66a1-4d8b-9404-d472986ac847":{"type":"scs-contentlist","id":"scs-contentlist","data":{"actions":"","additionalItems":2,"alignment":"fill","autoRefreshOnSearch":true,"backgroundColor":"","backgroundColorHover":"","borderColor":"black","borderColorHover":"","borderRadius":0,"borderStyle":"none","borderWidth":1,"contentTypes":["Maximum_Article"],"customSettingsData":{"behavior":"stack12","breakpoint":500},"dateFilter":"all","dateFilterBegin":"","dateFilterEnd":"","dateFilterNumber":1,"dateFilterNumber2":1,"dateFilterUnits":"days","detailPageId":"","emptyListLayoutCategory":"None","firstItem":4,"firstLabel":"","fontColor":"#333333","fontColorHover":"","fontFamily":"'Helvetica Neue', Helvetica, Arial, sans-serif","fontSize":13,"language":"","lastLabel":"","layoutCategory":"","lazyLoadClickText":"Load More...","linkType":"scs-link-action","loadType":"none","marginBottom":"5","marginLeft":"0","marginRight":"0","marginTop":"5","maxResults":2,"nextLabel":"","paginationAlignment":"center","prevLabel":"","queryString":"","sectionLayout":"","sectionLayoutInstanceId":"f8114f91-326c-4f7e-8a06-f67be7ad96da","showFirstLast":"false","showPageNumbers":"true","showPagination":"false","showPrevNext":"true","sortOrder":"updateddate:desc","styleClass":"","useStyleClass":"true","visible":true,"visibleOnMobile":"","width":""}},"a913350c-26f0-43b3-b668-505be673f788":{"type":"scs-sectionlayout","id":"scs-sl-two-columns","data":{"componentFactory":"scs-two-columns","customSettingsData":{"behavior":"stack12","columnWidth1":50,"columnWidth2":50,"breakpoint":767},"components":["e60137d8-2ca4-401b-8a7f-703829bde899","ae52cdd9-d21a-4e6e-98f6-509561aad8dd"],"borderColor":"#808080","borderRadius":0,"borderStyle":"none","borderWidth":1,"styleClass":"","useStyleClass":"true","styles":["background-attachment:scroll","background-color:","background-position:left top","background-repeat:no-repeat","background-size:auto"]}},"e60137d8-2ca4-401b-8a7f-703829bde899":{"type":"scs-componentgroup","id":"scs-componentgroup","data":{"allowMove":false,"components":["ac9e9af2-5e37-4042-adab-d82176f26947"],"grid":"<div class=\"scs-row\"><div class=\"scs-col\" style=\"width: 100%;\"><div id=\"ac9e9af2-5e37-4042-adab-d82176f26947\"></div></div></div>"}},"ae52cdd9-d21a-4e6e-98f6-509561aad8dd":{"type":"scs-componentgroup","id":"scs-componentgroup","data":{"allowMove":false,"components":["b045c4b0-66a1-4d8b-9404-d472986ac847"],"grid":"<div class=\"scs-row\"><div class=\"scs-col\" style=\"width: 100%;\"><div id=\"b045c4b0-66a1-4d8b-9404-d472986ac847\"></div></div></div>"}},"b3d0f602-f3cd-4d3f-ac92-688ce5d96100":{"type":"scs-contentlist","id":"scs-contentlist","data":{"actions":"","additionalItems":2,"alignment":"fill","autoRefreshOnSearch":true,"backgroundColor":"","backgroundColorHover":"","borderColor":"black","borderColorHover":"","borderRadius":0,"borderStyle":"none","borderWidth":1,"contentTypes":["Maximum_Tire"],"customSettingsData":{"autoPlay":true,"showIndexer":true,"showPrevNext":true,"transitionTime":1,"displayTime":10,"scaling":"","useAspectRatio":false,"aspectRatio":"777:77","responsiveShowIndexer":false,"responsiveShowPrevNext":false,"responsiveUseAspectRatio":false,"responsiveAspectRatio":"4:1","height":250},"dateFilter":"all","dateFilterBegin":"","dateFilterEnd":"","dateFilterNumber":1,"dateFilterNumber2":1,"dateFilterUnits":"days","detailPageId":"","emptyListLayoutCategory":"None","firstItem":0,"firstLabel":"","fontColor":"#333333","fontColorHover":"","fontFamily":"'Helvetica Neue', Helvetica, Arial, sans-serif","fontSize":13,"language":"","lastLabel":"","layoutCategory":"","lazyLoadClickText":"Load More...","linkType":"scs-link-action","loadType":"none","marginBottom":"0","marginLeft":"0","marginRight":"0","marginTop":"0","maxResults":3,"nextLabel":"","paginationAlignment":"center","prevLabel":"","queryString":"","sectionLayout":"","sectionLayoutInstanceId":"f0c09e54-37c9-4f2b-b7a9-7b03ad1d09c2","showFirstLast":"false","showPageNumbers":"true","showPagination":"false","showPrevNext":"true","sortOrder":"name:asc","styleClass":"","useStyleClass":"true","visible":true,"visibleOnMobile":"","width":""}},"f0c09e54-37c9-4f2b-b7a9-7b03ad1d09c2":{"type":"scs-component","id":"scs-sl-slider","data":{"componentFactory":"scs-slider","customSettingsData":{"showIndexer":true,"transitionTime":0.5,"displayTime":3}}},"d394681b-c13f-43b8-988b-04af9bda60e1":{"type":"scs-component","id":"scs-sl-two-columns","data":{"componentFactory":"scs-two-columns","customSettingsData":{}}},"a6fd8263-f12d-44c7-971f-951773148223":{"type":"scs-component","id":"scs-sl-two-columns","data":{"componentFactory":"scs-two-columns","customSettingsData":{}}},"f8114f91-326c-4f7e-8a06-f67be7ad96da":{"type":"scs-component","id":"scs-sl-two-columns","data":{"componentFactory":"scs-two-columns","customSettingsData":{}}},"b65eb9db-6aec-4976-8a11-b0f134147013":{"type":"scs-component","id":"MaximumNavMenu","data":{"actions":"","alignment":"fill","assets":"","borderColor":"#808080","borderRadius":0,"borderStyle":"none","borderWidth":1,"componentId":"maximumNavMenu","componentName":"MaximumNavMenu","componentFactory":"","componentLayout":"default","contentId":"","contentLayoutCategory":"","contentPlaceholder":false,"contentTypes":[],"contentViewing":"","customRenderComplete":false,"customSettingsData":{"externalSiteEnabled":false},"componentConfig":{"id":"MaximumNavMenu-component","settingsData":{"settingsHeight":475,"settingsWidth":350,"settingsRenderOption":"dialog","componentLayouts":[],"actions":[]}},"description":"","detailPageId":"","height":"","initialized":true,"isCaaSLayout":false,"linkType":"scs-link-action","marginBottom":0,"marginLeft":0,"marginRight":0,"marginTop":"35","nestedComponents":[],"styleClass":"","styleClassName":"","seeded":false,"useStyleClass":"true","visible":true,"visibleOnMobile":"","visibleNestedComponents":[],"width":0}}}}
