{"properties":{"title":"","pageLayout":"default.html","mobileLayout":"","pageDescription":"","keywords":"","hideFromSearchEngines":false,"header":"","footer":"","noIndex":false,"noFollow":false,"noArchive":false,"noSnippet":false,"isCobrowseEnabled":false},"slots":{"footer":{"components":["bbd8415b-eaee-4182-9fed-cc8f97baca0e","b2ef490b-4e1e-4c9d-bd49-c70ce9c52359","e7ce56b8-1480-47c8-b14c-829fc48f0818","aa02edce-9d78-498c-98a8-a1f427c97a9e"],"grid":"<div class=\"scs-row\"><div class=\"scs-col\" style=\"width: 100%;\"><div id=\"aa02edce-9d78-498c-98a8-a1f427c97a9e\"></div></div></div><div class=\"scs-row\"><div class=\"scs-col\" style=\"width: 100%;\"><div id=\"bbd8415b-eaee-4182-9fed-cc8f97baca0e\"></div><div id=\"e7ce56b8-1480-47c8-b14c-829fc48f0818\"></div></div></div><div class=\"scs-row\"><div class=\"scs-col\" style=\"width: 100%;\"><div id=\"b2ef490b-4e1e-4c9d-bd49-c70ce9c52359\"></div></div></div>","styles":["undefined:","background-attachment:scroll","background-color:#000000","background-position:left top","background-repeat:no-repeat","background-size:auto"]},"background":{"components":[],"grid":"","styles":["background-attachment:scroll","background-color:","background-position:left top","background-repeat:no-repeat","background-size:cover"]},"header":{"components":["d5c624c4-19a4-40f9-95a4-0bf69e6b8447","aff07eba-4f1d-49eb-9798-ccb7baf2bf76"],"grid":"<div class=\"scs-row\"><div class=\"scs-col\" style=\"width: 8.33%;\"><div id=\"d5c624c4-19a4-40f9-95a4-0bf69e6b8447\"></div></div><div class=\"scs-col\" style=\"width: 91.67%;\"><div id=\"aff07eba-4f1d-49eb-9798-ccb7baf2bf76\"></div></div></div>","styles":["undefined:","background-attachment:scroll","background-color:","background-position:left top","background-repeat:no-repeat","background-size:auto"]},"headline":{"components":["bf2d0994-04f6-4b6d-94d2-955b66b05f7d"],"grid":"<div class=\"scs-row\"><div class=\"scs-col\" style=\"width: 100%;\"><div id=\"bf2d0994-04f6-4b6d-94d2-955b66b05f7d\"></div></div></div>"},"content":{"components":[],"grid":""}},"componentInstances":{"b4628df8-a03a-44aa-81a5-e1ac8a46e2ab":{"type":"scs-paragraph","id":"scs-paragraph","data":{"alignment":"fill","backgroundColor":"","borderColor":"#808080","borderRadius":0,"borderStyle":"none","borderWidth":1,"fontColor":"#333333","fontFamily":"'Helvetica Neue', Helvetica, Arial, sans-serif","fontSize":16,"marginBottom":5,"marginLeft":5,"marginRight":5,"marginTop":5,"placeholderText":"","styleClass":"","styleClassName":"","styleClassTag":"","toolbarGroups":"","useStyleClass":"true","userText":"<div>FIND THE PERFECT</div><div>TIRES FOR YOUR CAR</div>","visible":true,"visibleOnMobile":"","width":400}},"ae3fa149-de82-4310-a70c-962bdbf853d9":{"type":"scs-title","id":"scs-title","data":{"alignment":"fill","backgroundColor":"","borderColor":"#808080","borderRadius":0,"borderStyle":"none","borderWidth":1,"fontColor":"#333333","fontFamily":"'Helvetica Neue', Helvetica, Arial, sans-serif","fontSize":24,"marginBottom":5,"marginLeft":5,"marginRight":5,"marginTop":5,"placeholderText":"","styleClass":"","styleClassName":"","styleClassTag":"","toolbarGroups":"","useStyleClass":"true","userText":"<div>COOKIE POLICY</div>","visible":true,"visibleOnMobile":"","width":400}},"ab2f8c21-01de-47ea-96c7-4a6aea89c1a2":{"type":"scs-title","id":"scs-title","data":{"alignment":"fill","backgroundColor":"","borderColor":"#808080","borderRadius":0,"borderStyle":"none","borderWidth":1,"fontColor":"#333333","fontFamily":"'Helvetica Neue', Helvetica, Arial, sans-serif","fontSize":24,"marginBottom":5,"marginLeft":5,"marginRight":5,"marginTop":5,"placeholderText":"","styleClass":"","styleClassName":"","styleClassTag":"","toolbarGroups":"","useStyleClass":"true","userText":"<div>CONTACT US</div>","visible":true,"visibleOnMobile":"","width":400}},"b2ef490b-4e1e-4c9d-bd49-c70ce9c52359":{"type":"scs-spacer","id":"scs-spacer","data":{"height":"40px","styleClass":"","useStyleClass":"true","visible":true,"visibleOnMobile":""}},"a2e2c93f-1af9-49d7-aec4-fdee5c9f98bb":{"type":"scs-componentgroup","id":"scs-componentgroup","data":{"allowMove":false,"components":["fd150b0e-2c38-4d4b-a3d8-a7ec9d710297"],"grid":"<div class=\"scs-row\"><div class=\"scs-col\" style=\"width: 100%;\"><div id=\"fd150b0e-2c38-4d4b-a3d8-a7ec9d710297\"></div></div></div>"}},"fd150b0e-2c38-4d4b-a3d8-a7ec9d710297":{"type":"scs-button","id":"scs-button","data":{"actions":[],"alignment":"center","backgroundColor":"rgba(0, 0, 0, 0)","backgroundColorHover":"rgba(0, 0, 0, 0)","borderColor":"#ffffff","borderColorHover":"#ffffff","borderRadius":0,"borderStyle":"solid","borderWidth":1,"fontColor":"#ffffff","fontColorHover":"#ffffff","fontFamily":"'Helvetica Neue', Helvetica, Arial, sans-serif","fontSize":14,"height":0,"href":"[!--$SCS_PAGE--]12[/!--$SCS_PAGE--]","hrefContentViewing":"","hrefName":"","isCobrowse":"","linkType":"scs-link-sitepage","marginBottom":5,"marginLeft":5,"marginRight":"5","marginTop":5,"styleClass":"","styleClassName":"","target":"_self","text":"GO﻿","title":"","useStyleClass":"false","visible":true,"visibleOnMobile":"","width":0}},"b5fb331e-00ce-42d1-accc-8e0a62eba734":{"type":"scs-title","id":"scs-title","data":{"alignment":"fill","backgroundColor":"","borderColor":"#808080","borderRadius":0,"borderStyle":"none","borderWidth":1,"fontColor":"#333333","fontFamily":"'Helvetica Neue', Helvetica, Arial, sans-serif","fontSize":24,"marginBottom":5,"marginLeft":5,"marginRight":5,"marginTop":5,"placeholderText":"","styleClass":"","styleClassName":"","styleClassTag":"","toolbarGroups":"","useStyleClass":"true","userText":"<div>LEGAL INFORMATION</div>","visible":true,"visibleOnMobile":"","width":400}},"fea2b7cd-573f-4f22-bc14-ae6c897b5c90":{"type":"scs-title","id":"scs-title","data":{"alignment":"fill","backgroundColor":"","borderColor":"#808080","borderRadius":0,"borderStyle":"none","borderWidth":1,"fontColor":"#333333","fontFamily":"'Helvetica Neue', Helvetica, Arial, sans-serif","fontSize":24,"marginBottom":5,"marginLeft":5,"marginRight":5,"marginTop":5,"placeholderText":"","styleClass":"","styleClassName":"","styleClassTag":"","toolbarGroups":"","useStyleClass":"true","userText":"<div>WORKING WITH US</div>","visible":true,"visibleOnMobile":"","width":400}},"a088c63b-ce32-4265-b0d3-9e04fe13bb53":{"type":"scs-title","id":"scs-title","data":{"alignment":"fill","backgroundColor":"","borderColor":"#808080","borderRadius":0,"borderStyle":"none","borderWidth":1,"fontColor":"#333333","fontFamily":"'Helvetica Neue', Helvetica, Arial, sans-serif","fontSize":24,"marginBottom":5,"marginLeft":5,"marginRight":5,"marginTop":5,"placeholderText":"","styleClass":"","styleClassName":"","styleClassTag":"","toolbarGroups":"","useStyleClass":"true","userText":"<div>COMPANY INFO</div>","visible":true,"visibleOnMobile":"","width":400}},"d5c624c4-19a4-40f9-95a4-0bf69e6b8447":{"type":"scs-image","id":"scs-image","data":{"alignment":"left","altText":"","borderColor":"#808080","borderRadius":0,"borderStyle":"none","borderWidth":1,"caption":"","contentId":"CONTFA0314CCF0C741A6A05DA19A66D83282","contentViewing":"draft","imageHref":"","imageHrefContentViewing":"","imageHrefName":"","imageName":"maximum-logo","imageTarget":"_self","linkType":"scs-link-no-link","marginBottom":"10","marginLeft":"10","marginRight":0,"marginTop":"10","styleClass":"","title":"","useStyleClass":"true","visible":true,"visibleOnMobile":"","width":"166","contentIds":["CONTFA0314CCF0C741A6A05DA19A66D83282"],"contentViewings":["draft"]}},"b52acfc5-5f3f-45cc-9503-161b7e0d2324":{"type":"scs-title","id":"scs-title","data":{"alignment":"fill","backgroundColor":"","borderColor":"#808080","borderRadius":0,"borderStyle":"none","borderWidth":1,"fontColor":"#333333","fontFamily":"'Helvetica Neue', Helvetica, Arial, sans-serif","fontSize":24,"marginBottom":5,"marginLeft":"5","marginRight":5,"marginTop":5,"placeholderText":"","styleClass":"","styleClassName":"","styleClassTag":"","toolbarGroups":"","useStyleClass":"true","userText":"<div><span style=\"font-size:24px\"><strong>THE PERFECT FIT</strong></span></div>","visible":true,"visibleOnMobile":"","width":400}},"c2ab8232-9543-480d-951c-da4be087407c":{"type":"scs-componentgroup","id":"scs-componentgroup","data":{"allowMove":false,"components":["b52acfc5-5f3f-45cc-9503-161b7e0d2324","b4628df8-a03a-44aa-81a5-e1ac8a46e2ab"],"grid":"<div class=\"scs-row\"><div class=\"scs-col\" style=\"width: 50%;\"><div id=\"b52acfc5-5f3f-45cc-9503-161b7e0d2324\"></div></div><div class=\"scs-col\" style=\"width: 50%;\"><div id=\"b4628df8-a03a-44aa-81a5-e1ac8a46e2ab\"></div></div></div>"}},"bf2d0994-04f6-4b6d-94d2-955b66b05f7d":{"type":"scs-image","id":"scs-image","data":{"alignment":"fill","altText":"","borderColor":"#808080","borderRadius":0,"borderStyle":"none","borderWidth":1,"caption":"","contentId":"CONT62412A7310F7467BA8B0EA39C71B1C2E","contentViewing":"draft","imageHref":"","imageHrefContentViewing":"","imageHrefName":"","imageName":"Finish Line 1000x562","imageTarget":"_self","linkType":"scs-link-no-link","marginBottom":0,"marginLeft":0,"marginRight":0,"marginTop":0,"styleClass":"","title":"","useStyleClass":"true","visible":true,"visibleOnMobile":"","width":300,"contentIds":["CONT62412A7310F7467BA8B0EA39C71B1C2E"],"contentViewings":["draft"]}},"fb462534-6ad7-49dc-9b91-1d2ca71bd633":{"type":"scs-title","id":"scs-title","data":{"alignment":"fill","backgroundColor":"","borderColor":"#808080","borderRadius":0,"borderStyle":"none","borderWidth":1,"fontColor":"#333333","fontFamily":"'Helvetica Neue', Helvetica, Arial, sans-serif","fontSize":24,"marginBottom":5,"marginLeft":5,"marginRight":5,"marginTop":5,"placeholderText":"","styleClass":"","styleClassName":"","styleClassTag":"","toolbarGroups":"","useStyleClass":"true","userText":"<div>PRIVACY POLICY</div>","visible":true,"visibleOnMobile":"","width":400}},"e7ce56b8-1480-47c8-b14c-829fc48f0818":{"type":"scs-sectionlayout","id":"scs-sl-horizontal","data":{"componentFactory":"scs-horizontal","components":["b5fb331e-00ce-42d1-accc-8e0a62eba734","fb462534-6ad7-49dc-9b91-1d2ca71bd633","a088c63b-ce32-4265-b0d3-9e04fe13bb53","fea2b7cd-573f-4f22-bc14-ae6c897b5c90","ab2f8c21-01de-47ea-96c7-4a6aea89c1a2","ae3fa149-de82-4310-a70c-962bdbf853d9"],"customSettingsData":{"itemWidth":"140px","itemAlignment":"center","breakpoint":767,"responsiveItemWidth":"100%","responsiveItemAlignment":"center"},"borderColor":"#808080","borderRadius":0,"borderStyle":"none","borderWidth":1,"styleClass":"","useStyleClass":"true","styles":["background-attachment:scroll","background-color:","background-position:left top","background-repeat:no-repeat","background-size:auto"]}},"bbd8415b-eaee-4182-9fed-cc8f97baca0e":{"type":"scs-socialbar","id":"scs-socialbar","data":{"alignment":"center","backgroundColor":"","borderColor":"#808080","borderRadius":0,"borderStyle":"none","borderWidth":1,"iconSize":24,"iconSpacing":25,"images":[{"source":"","name":"COMP_ICON_FACEBOOK","class":"scs-facebook-icon","title":"Facebook","altText":"","description":"","link":"http://www.facebook.com","target":["_blank"]},{"source":"","name":"COMP_ICON_LINKEDIN","class":"scs-linkedin-icon","title":"LinkedIn","altText":"","description":"","link":"http://linkedin.com","target":["_blank"]},{"source":"","name":"COMP_ICON_TWITTER","class":"scs-twitter-icon","title":"Twitter","altText":"","description":"","link":"http://twitter.com","target":["_blank"]},{"source":"","name":"COMP_ICON_GOOGLEPLUS","class":"scs-googleplus-icon","title":"Google+","altText":"","description":"","link":"http://plus.google.com","target":["_blank"]},{"source":"","name":"COMP_ICON_YOUTUBE","class":"scs-youtube-icon","title":"YouTube","altText":"","description":"","link":"http://www.youtube.com","target":["_blank"]}],"layout":"horizontal","marginBottom":"40","marginLeft":5,"marginRight":5,"marginTop":"40","styleClass":"","useStyleClass":"true","visible":true,"visibleOnMobile":""}},"aa02edce-9d78-498c-98a8-a1f427c97a9e":{"type":"scs-sectionlayout","id":"scs-sl-two-columns","data":{"componentFactory":"scs-two-columns","customSettingsData":{"behavior":"stack12","columnWidth1":60,"columnWidth2":40,"breakpoint":767},"components":["c2ab8232-9543-480d-951c-da4be087407c","a2e2c93f-1af9-49d7-aec4-fdee5c9f98bb"],"borderColor":"#808080","borderRadius":0,"borderStyle":"none","borderWidth":1,"styleClass":"","useStyleClass":"true","styles":["background-attachment:scroll","background-color:#d9251d","background-position:left top","background-repeat:no-repeat","background-size:auto"]}},"aff07eba-4f1d-49eb-9798-ccb7baf2bf76":{"type":"scs-component","id":"MaximumNavMenu","data":{"actions":"","alignment":"fill","assets":"","borderColor":"#808080","borderRadius":0,"borderStyle":"none","borderWidth":1,"componentId":"maximumNavMenu","componentName":"MaximumNavMenu","componentFactory":"","componentLayout":"default","contentId":"","contentLayoutCategory":"","contentPlaceholder":false,"contentTypes":[],"contentViewing":"","customRenderComplete":false,"customSettingsData":{"externalSiteEnabled":false},"componentConfig":{"id":"MaximumNavMenu-component","settingsData":{"settingsHeight":475,"settingsWidth":350,"settingsRenderOption":"dialog","componentLayouts":[],"actions":[]}},"description":"","detailPageId":"","height":"","initialized":true,"isCaaSLayout":false,"linkType":"scs-link-action","marginBottom":0,"marginLeft":0,"marginRight":0,"marginTop":"35","nestedComponents":[],"styleClass":"","styleClassName":"","seeded":false,"useStyleClass":"true","visible":true,"visibleOnMobile":"","visibleNestedComponents":[],"width":0}}}}
